,carat,cut,color,clarity,depth,table,x,y,z,price
26945,2.01,Very Good,F,SI2,62.0,54.0,8.03,8.12,5.01,17005
47846,0.53,Ideal,F,VS1,62.0,55.0,5.2,5.15,3.21,1908
38693,0.37,Premium,E,VS2,61.1,57.0,4.66,4.63,2.84,1041
5543,1.01,Fair,G,SI2,64.7,58.0,6.14,6.23,4.0,3856
10723,0.31,Premium,D,SI2,62.1,59.0,4.35,4.31,2.69,593
51020,1.14,Good,G,I1,63.7,56.0,6.63,6.55,4.2,2327
41618,0.29,Very Good,E,VS1,61.7,58.0,4.23,4.29,2.63,504
11342,1.01,Good,F,SI1,58.8,64.0,6.58,6.51,3.85,4989
11320,1.12,Premium,I,VS2,62.8,57.0,6.68,6.61,4.17,4986
27965,0.3,Ideal,E,VS2,62.6,54.0,4.28,4.31,2.69,658
8174,0.85,Ideal,E,SI1,61.6,57.0,6.07,6.1,3.75,4363
27255,2.02,Very Good,H,SI1,63.4,60.0,7.96,8.04,5.07,17672
4127,1.0,Good,G,SI2,58.1,65.0,6.48,6.46,3.76,3541
41952,0.23,Very Good,F,VVS2,62.9,57.0,3.9,3.95,2.47,505
16894,1.1,Ideal,E,SI1,61.3,56.0,6.65,6.7,4.09,6743
41312,0.41,Ideal,F,VVS1,61.8,54.0,4.78,4.83,2.97,1213
50924,0.7,Premium,F,SI1,61.9,58.0,5.69,5.65,3.51,2319
9922,1.25,Premium,J,SI2,61.5,57.0,7.0,6.93,4.28,4690
13020,0.3,Very Good,E,VS2,61.6,54.0,4.29,4.32,2.65,600
35642,0.31,Ideal,G,VVS2,62.4,56.0,4.36,4.33,2.71,907
44874,0.52,Ideal,F,VS2,62.5,56.0,5.12,5.16,3.21,1629
47658,0.23,Very Good,E,VVS2,60.9,60.0,3.96,3.99,2.42,530
53326,0.72,Ideal,I,VVS1,61.3,57.0,5.75,5.77,3.53,2654
39821,0.38,Ideal,E,VVS2,62.4,56.0,4.69,4.63,2.91,1097
302,0.82,Ideal,F,SI2,62.4,54.0,5.97,6.02,3.74,2799
40743,0.53,Ideal,I,VS2,62.2,56.0,5.15,5.2,3.22,1163
16916,1.14,Ideal,H,VS2,62.6,53.0,6.67,6.72,4.19,6753
38933,0.4,Ideal,E,VS1,62.2,55.0,4.72,4.76,2.95,1053
9379,0.32,Ideal,I,VVS1,61.7,55.0,4.39,4.4,2.71,589
53863,1.0,Fair,I,SI2,66.8,56.0,6.22,6.12,4.13,2743
14334,0.92,Ideal,F,VS2,61.2,56.0,6.25,6.3,3.84,5805
4134,1.06,Ideal,F,I1,61.8,55.0,6.55,6.58,4.06,3544
29582,0.41,Good,E,SI1,63.1,57.0,4.73,4.78,3.0,705
23280,1.43,Ideal,G,VS1,59.9,57.0,7.35,7.3,4.39,11302
11700,0.34,Premium,E,SI1,60.7,60.0,4.48,4.51,2.73,596
30478,0.31,Very Good,I,VVS1,63.1,59.0,4.31,4.25,2.7,732
25021,0.3,Ideal,E,SI1,61.7,57.0,4.29,4.33,2.66,640
6178,0.9,Good,F,SI1,63.9,58.0,6.08,6.03,3.87,3992
210,0.7,Very Good,F,VS2,63.6,57.0,5.61,5.65,3.58,2780
18544,1.5,Fair,E,SI2,69.6,62.0,6.88,6.79,4.76,7560
48165,0.51,Good,F,VVS2,60.2,62.0,5.16,5.21,3.12,1942
52204,0.71,Ideal,D,SI2,62.4,55.0,5.71,5.74,3.57,2480
2421,0.91,Very Good,J,SI2,62.0,56.0,6.18,6.23,3.85,3181
17685,1.23,Ideal,H,VS2,62.2,55.0,6.81,6.85,4.25,7130
37147,0.32,Ideal,E,VS1,61.7,57.0,4.42,4.39,2.72,972
4789,1.0,Premium,G,SI2,59.1,59.0,6.54,6.5,3.85,3696
5067,0.3,Premium,G,SI1,61.4,57.0,4.35,4.31,2.66,574
26465,2.0,Premium,H,SI2,62.8,56.0,8.04,7.98,5.03,16031
31047,0.41,Ideal,H,VS1,61.8,56.0,4.73,4.78,2.94,750
8824,1.03,Very Good,D,SI2,61.8,60.0,6.42,6.45,3.98,4478
16070,1.02,Premium,G,VS2,61.5,59.0,6.44,6.41,3.95,6416
31210,0.32,Ideal,D,SI1,61.3,55.0,4.42,4.39,2.7,756
19753,1.06,Premium,G,VVS1,61.1,58.0,6.57,6.53,4.0,8319
26445,2.02,Premium,H,VS2,61.3,60.0,8.16,8.11,4.99,15987
49257,0.71,Good,I,SI1,60.9,64.0,5.72,5.67,3.47,2087
8623,1.07,Premium,F,SI2,61.7,58.0,6.58,6.55,4.05,4446
42232,0.53,Very Good,F,SI1,60.9,56.0,5.21,5.23,3.18,1291
42129,0.58,Ideal,F,SI2,61.8,56.0,5.42,5.39,3.34,1279
47050,0.53,Very Good,F,VS1,61.5,59.0,5.19,5.22,3.2,1821
23445,1.51,Ideal,H,VS2,62.2,57.0,7.29,7.33,4.55,11435
39229,0.32,Ideal,D,VVS1,61.3,57.0,4.39,4.42,2.7,1067
8153,1.06,Good,F,SI2,62.2,61.0,6.47,6.53,4.04,4357
27135,2.54,Ideal,G,SI2,62.7,56.0,8.75,8.67,5.46,17339
40155,0.35,Ideal,G,IF,61.4,55.0,4.59,4.56,2.81,1116
48191,0.53,Ideal,G,VVS2,61.0,56.0,5.21,5.25,3.19,1946
5458,0.76,Very Good,E,VVS2,60.6,59.0,5.85,5.94,3.57,3833
46368,0.54,Premium,G,VS1,61.1,60.0,5.28,5.23,3.21,1760
24717,0.3,Very Good,E,VS1,63.8,59.0,4.21,4.22,2.69,640
36010,0.39,Very Good,F,SI1,63.3,54.0,4.67,4.62,2.94,921
51543,0.83,Fair,G,SI2,64.4,57.0,5.93,5.86,3.8,2386
44414,0.54,Ideal,I,SI1,62.3,55.0,5.22,5.27,3.27,1586
50559,0.72,Premium,H,SI1,62.7,59.0,5.69,5.73,3.58,2277
52243,0.8,Very Good,J,VS1,62.7,58.0,5.91,5.95,3.72,2487
12739,1.13,Premium,I,VS1,61.7,54.0,6.74,6.71,4.15,5316
28563,0.3,Premium,H,VS1,62.5,58.0,4.34,4.27,2.69,675
33245,0.34,Very Good,F,VVS2,61.0,56.0,4.51,4.53,2.76,825
11095,1.1,Premium,F,SI2,62.0,59.0,6.62,6.6,4.1,4928
10570,1.11,Good,I,VS1,59.2,64.0,6.8,6.77,4.02,4817
7887,1.0,Very Good,E,SI2,60.7,59.0,6.38,6.44,3.89,4311
36179,0.45,Ideal,F,SI1,60.8,56.0,4.97,4.93,3.01,930
15501,1.0,Premium,G,VS2,62.9,56.0,6.42,6.34,4.01,6209
22238,1.5,Premium,H,VS2,60.8,59.0,7.34,7.36,4.47,10291
22703,0.3,Ideal,G,VS2,60.8,57.0,4.38,4.33,2.65,630
39499,0.5,Ideal,F,SI2,61.6,54.0,5.09,5.14,3.15,1079
10858,1.03,Premium,H,VS1,59.2,58.0,6.66,6.61,3.92,4874
18119,1.21,Premium,E,SI1,62.6,58.0,6.82,6.79,4.26,7334
9035,0.36,Ideal,H,VS2,61.4,57.0,4.59,4.63,2.83,587
18521,1.6,Premium,J,SI1,62.2,58.0,7.48,7.54,4.67,7550
43665,0.5,Ideal,F,VS2,62.7,57.0,5.08,5.1,3.19,1436
44545,0.57,Very Good,H,VS2,61.7,54.8,5.34,5.37,3.3,1605
28328,0.33,Ideal,G,VS1,62.1,54.0,4.45,4.47,2.77,666
25690,0.38,Very Good,F,SI2,60.1,60.0,4.7,4.75,2.84,644
12723,1.02,Premium,H,VS2,62.5,56.0,6.45,6.42,4.02,5312
51713,0.72,Very Good,E,SI2,62.2,59.0,5.72,5.79,3.58,2401
16924,1.51,Premium,I,SI1,62.2,61.0,7.35,7.27,4.55,6756
42154,0.45,Premium,E,VS1,60.8,60.0,4.94,4.9,2.99,1282
37212,0.34,Ideal,G,IF,62.2,53.0,4.49,4.52,2.8,974
12329,1.1,Very Good,D,SI2,61.6,57.0,6.61,6.67,4.09,5226
10832,0.9,Ideal,G,SI1,61.9,57.0,6.16,6.19,3.82,4871
9786,1.01,Very Good,E,SI2,59.5,59.0,6.54,6.58,3.9,4666
52738,0.73,Ideal,E,SI2,60.9,57.0,5.8,5.83,3.54,2559
17217,1.08,Ideal,F,SI1,61.8,55.0,6.58,6.63,4.08,6884
9112,0.9,Ideal,F,VS2,60.5,54.0,6.22,6.17,3.75,4531
29698,0.31,Premium,H,VVS1,62.1,58.0,4.33,4.36,2.7,707
18032,0.35,Premium,E,SI1,61.1,59.0,4.5,4.56,2.77,614
41007,0.41,Very Good,E,VVS1,61.2,62.0,4.76,4.78,2.92,1184
30703,0.42,Very Good,G,SI1,62.2,58.0,4.73,4.75,2.95,737
53186,0.59,Very Good,F,IF,59.9,63.0,5.44,5.47,3.27,2632
36169,0.32,Ideal,F,IF,61.7,55.0,4.4,4.42,2.72,929
27955,0.27,Ideal,I,VS1,61.9,54.0,4.15,4.18,2.58,432
19363,0.27,Ideal,E,VVS2,62.1,57.0,4.13,4.15,2.57,622
36143,0.33,Ideal,E,VS2,62.1,56.0,4.46,4.43,2.76,928
46238,0.53,Ideal,F,VS2,61.1,56.0,5.26,5.22,3.2,1753
35094,0.3,Ideal,F,IF,62.3,57.0,4.29,4.31,2.68,886
40052,0.38,Premium,E,VS2,59.2,60.0,4.77,4.73,2.81,1112
37263,0.32,Premium,J,SI1,63.0,58.0,4.35,4.32,2.73,480
31476,0.34,Premium,H,VS1,62.2,58.0,4.48,4.43,2.77,765
18054,0.3,Ideal,I,IF,62.5,56.0,4.26,4.28,2.67,615
53005,0.7,Premium,D,SI2,60.0,60.0,5.72,5.56,3.5,2596
4578,0.73,Ideal,E,VS2,61.7,57.0,5.77,5.8,3.57,3649
12810,1.06,Ideal,G,SI1,62.0,57.0,6.54,6.5,4.04,5342
290,0.71,Premium,D,SI1,61.6,60.0,5.74,5.69,3.52,2797
21640,1.51,Very Good,E,SI2,61.8,57.0,7.34,7.32,4.53,9731
22107,1.5,Good,F,VS2,64.0,56.0,7.18,7.13,4.64,10134
42673,0.89,Fair,H,I1,58.8,66.0,6.21,6.09,3.62,1334
31445,0.4,Good,J,VS2,64.0,57.0,4.7,4.67,3.0,765
53933,0.7,Very Good,E,VS2,61.2,59.0,5.69,5.72,3.49,2757
51240,0.74,Very Good,I,VS1,63.4,57.0,5.81,5.76,3.67,2353
6022,1.18,Premium,E,I1,62.5,58.0,6.75,6.62,4.18,3965
7095,1.01,Very Good,H,SI2,58.8,58.0,6.57,6.62,3.88,4166
12657,1.04,Premium,F,SI1,62.2,60.0,6.48,6.44,4.02,5300
35775,0.42,Very Good,D,VS1,58.4,61.0,4.91,4.95,2.88,912
19828,1.51,Ideal,I,SI1,59.4,61.0,7.52,7.46,4.45,8396
28327,0.33,Ideal,F,VS2,61.4,57.0,4.45,4.48,2.74,666
29539,0.27,Ideal,E,VS1,61.4,57.0,4.17,4.23,2.58,704
37870,0.39,Ideal,E,VS1,62.2,53.3,4.68,4.7,2.92,1004
19419,1.51,Very Good,I,SI1,61.4,60.0,7.37,7.33,4.51,8073
39717,0.5,Good,E,SI1,64.2,59.0,5.03,4.97,3.21,1090
39406,0.41,Ideal,G,VVS2,62.9,56.0,4.74,4.7,2.97,1076
26594,1.74,Ideal,G,VS2,62.9,57.0,7.68,7.64,4.82,16316
24637,1.71,Ideal,E,SI2,62.7,55.0,7.62,7.69,4.8,12978
37183,0.46,Fair,I,VS1,65.6,57.0,4.85,4.82,3.17,972
13393,0.32,Very Good,F,VS2,59.7,62.0,4.38,4.43,2.63,602
11213,1.11,Premium,H,SI1,61.9,58.0,6.63,6.59,4.09,4960
35443,0.32,Ideal,E,VS2,62.0,57.0,4.41,4.37,2.72,900
30648,0.4,Ideal,I,VS1,61.2,56.0,4.76,4.82,2.93,736
29020,0.31,Ideal,G,VVS2,62.2,54.0,4.35,4.39,2.72,687
17440,1.24,Ideal,G,SI1,60.5,60.0,6.97,6.91,4.2,6994
53626,0.35,Very Good,I,VS1,60.7,62.0,4.53,4.59,2.77,552
28972,0.25,Good,F,VS1,63.6,57.0,4.01,4.04,2.56,435
3291,0.75,Very Good,E,VS2,62.3,56.0,5.79,5.84,3.62,3365
3156,0.9,Very Good,I,VS2,58.4,62.0,6.29,6.35,3.69,3334
46910,0.56,Fair,F,VS2,57.0,67.0,5.49,5.36,3.09,1814
38027,0.4,Ideal,D,VVS2,62.5,55.0,4.73,4.77,2.97,1010
6221,1.01,Good,F,SI2,63.1,58.0,6.34,6.38,4.01,4004
49798,0.73,Ideal,F,SI2,59.6,56.0,5.89,5.85,3.5,2164
15358,1.05,Ideal,H,VS2,62.6,56.0,6.45,6.5,4.05,6165
39136,0.41,Ideal,G,VS2,62.1,57.0,4.78,4.72,2.95,1061
9926,1.01,Good,E,SI1,63.3,57.0,6.33,6.37,4.02,4692
31907,0.3,Premium,G,VS1,61.9,59.0,4.32,4.28,2.66,776
9461,0.9,Very Good,G,VS2,62.5,57.0,6.12,6.14,3.83,4600
7777,1.02,Premium,I,SI1,62.7,55.0,6.48,6.41,4.04,4284
11540,1.54,Premium,J,SI1,61.1,58.0,7.48,7.41,4.55,5028
39898,0.42,Ideal,D,VS2,61.8,56.0,4.84,4.8,2.98,1103
11713,0.34,Ideal,G,VS2,61.8,56.0,4.48,4.52,2.78,596
11296,0.91,Premium,F,VS2,62.2,58.0,6.17,6.21,3.85,4979
4391,0.31,Very Good,I,VVS1,62.8,55.0,4.33,4.36,2.73,571
52077,0.75,Ideal,G,SI1,62.2,57.0,5.8,5.84,3.62,2456
47875,0.52,Very Good,G,VVS2,61.8,59.0,5.13,5.16,3.18,1911
46908,0.72,Very Good,I,SI2,63.2,62.0,5.71,5.67,3.59,1814
49356,0.71,Very Good,I,SI1,62.0,56.0,5.69,5.72,3.54,2098
6271,0.71,Very Good,D,VVS2,61.7,58.0,5.71,5.74,3.53,4014
48660,0.72,Very Good,G,SI2,63.4,57.0,5.67,5.71,3.61,2001
25584,1.71,Good,D,SI1,64.1,59.0,7.51,7.46,4.8,14426
4247,0.9,Ideal,H,SI2,62.0,57.0,6.17,6.19,3.83,3578
6974,0.76,Premium,F,IF,60.6,60.0,5.89,5.85,3.56,4150
33663,0.36,Ideal,E,VS1,61.8,55.0,4.58,4.61,2.84,835
14852,1.07,Ideal,F,SI1,62.7,56.0,6.47,6.53,4.08,5982
47402,0.7,Fair,I,SI1,62.0,67.0,5.54,5.5,3.42,1848
36480,0.43,Very Good,G,VS1,60.9,57.0,4.88,4.91,2.98,943
19136,1.6,Premium,J,VS1,62.6,59.0,7.51,7.4,4.66,7903
49752,0.56,Ideal,H,IF,61.3,55.0,5.31,5.33,3.26,2157
750,1.0,Fair,H,SI2,66.1,56.0,6.21,5.97,4.04,2856
12131,1.08,Fair,H,VVS2,55.9,63.0,6.9,6.8,3.83,5171
35274,0.32,Ideal,F,VVS1,61.9,56.0,4.41,4.44,2.74,895
18185,1.22,Very Good,F,SI1,60.5,58.0,6.91,6.97,4.2,7372
48519,0.76,Premium,H,SI2,59.0,59.0,6.05,6.02,3.56,1985
230,0.72,Very Good,F,VS2,63.0,54.0,5.69,5.73,3.6,2784
11221,1.1,Ideal,I,VS2,61.8,56.0,6.65,6.6,4.1,4962
21609,1.52,Premium,H,VS2,60.6,61.0,7.46,7.42,4.51,9704
26909,2.49,Ideal,J,SI1,63.8,54.0,8.56,8.49,5.45,16915
3423,0.7,Ideal,G,VS1,60.5,56.0,5.77,5.79,3.5,3384
2500,0.71,Ideal,E,VS1,61.4,59.0,5.71,5.75,3.52,3198
49402,0.6,Ideal,G,VS1,61.3,57.0,5.4,5.47,3.33,2105
22175,1.51,Very Good,I,VS1,61.1,61.0,7.32,7.37,4.49,10215
2635,0.71,Ideal,H,VS1,61.7,55.0,5.73,5.75,3.54,3229
33516,0.33,Premium,E,VS2,62.0,60.0,4.46,4.41,2.75,829
1322,0.79,Premium,G,VS2,62.3,58.0,5.92,5.89,3.68,2959
38225,0.4,Premium,H,VVS1,61.8,58.0,4.69,4.72,2.91,1017
8071,0.74,Good,F,VVS1,58.4,60.0,6.03,6.06,3.53,4336
33670,0.41,Good,G,SI1,64.3,54.0,4.72,4.68,3.02,836
31095,0.36,Very Good,H,VVS1,62.0,55.0,4.57,4.6,2.84,753
20149,1.5,Premium,J,VVS2,61.8,60.0,7.33,7.36,4.54,8603
40459,0.5,Ideal,H,SI1,62.0,56.0,5.08,5.11,3.16,1140
28659,0.41,Good,F,SI1,58.4,58.0,4.91,4.96,2.88,676
23662,1.71,Ideal,J,VS1,62.1,55.0,7.73,7.65,4.78,11711
27761,0.32,Ideal,H,VS2,61.3,55.0,4.44,4.4,2.71,648
39549,0.32,Ideal,G,VVS1,61.4,55.0,4.44,4.42,2.72,1080
13650,1.15,Very Good,G,SI1,62.2,59.0,6.66,6.71,4.16,5587
6224,1.0,Very Good,E,SI2,59.5,63.0,6.41,6.47,3.83,4004
25247,2.02,Very Good,I,SI2,61.1,61.0,8.08,8.11,4.95,13865
14329,1.03,Ideal,D,SI1,61.0,57.0,6.48,6.53,3.97,5804
8308,1.0,Good,H,SI1,62.7,60.0,6.24,6.3,3.93,4389
52171,0.7,Ideal,H,VS2,62.6,54.0,5.7,5.73,3.58,2475
49216,0.54,Ideal,G,VVS1,62.2,56.0,5.18,5.23,3.24,2080
35854,0.32,Ideal,E,VVS1,62.3,54.0,4.37,4.4,2.73,917
10798,1.0,Premium,H,VS2,59.7,58.0,6.57,6.52,3.91,4861
24065,2.01,Ideal,J,SI1,62.7,56.0,8.08,8.03,5.05,12209
36085,0.32,Premium,D,VVS2,61.5,60.0,4.37,4.41,2.7,926
47032,0.55,Premium,F,VS2,61.7,56.0,5.29,5.25,3.25,1819
24663,2.1,Fair,G,SI2,65.2,56.0,7.97,7.93,5.19,13007
7220,1.21,Good,J,SI2,63.7,55.0,6.75,6.81,4.32,4192
2564,0.9,Good,F,SI2,64.3,57.0,6.16,6.06,3.93,3210
17449,1.31,Ideal,I,VS2,61.7,55.0,7.1,7.0,4.35,6999
28358,0.4,Ideal,I,VS2,62.4,53.0,4.75,4.77,2.97,667
21820,1.51,Ideal,I,VS2,61.6,54.0,7.38,7.42,4.57,9891
13918,1.09,Ideal,F,SI1,62.0,56.0,6.56,6.61,4.08,5665
17935,1.0,Premium,F,VS1,62.6,58.0,6.4,6.37,4.0,7244
41569,0.55,Very Good,E,SI2,62.5,54.0,5.21,5.25,3.27,1238
53444,0.71,Premium,E,SI1,60.3,60.0,5.77,5.74,3.47,2674
5673,1.02,Good,H,SI2,63.7,58.0,6.28,6.24,3.99,3884
9960,1.07,Premium,F,SI2,62.0,58.0,6.57,6.52,4.06,4700
50166,0.54,Ideal,F,VVS2,61.4,56.0,5.27,5.29,3.24,2218
53739,0.73,Good,E,VS2,63.3,60.0,5.67,5.73,3.61,2723
35088,0.3,Ideal,F,IF,62.4,56.0,4.26,4.3,2.67,886
47751,0.54,Very Good,D,VS2,60.6,58.0,5.26,5.3,3.2,1892
28465,0.38,Very Good,F,SI1,61.7,58.0,4.66,4.73,2.89,672
36977,0.42,Premium,G,VVS2,61.6,60.0,4.8,4.85,2.97,963
8035,0.9,Premium,E,VS2,62.9,58.0,6.15,6.12,3.86,4334
17943,1.7,Premium,I,SI2,59.4,59.0,7.83,7.75,4.63,7250
37285,0.24,Very Good,E,VVS2,63.6,54.0,3.96,4.0,2.53,485
43812,0.51,Ideal,E,SI1,61.7,55.0,5.17,5.13,3.18,1443
45745,0.52,Ideal,D,VS2,62.0,53.0,5.17,5.21,3.22,1701
50324,0.65,Very Good,F,VS2,64.0,55.3,5.5,5.57,3.54,2241
33297,0.31,Ideal,D,SI2,62.1,57.0,4.32,4.34,2.69,462
26813,2.09,Ideal,I,SI1,61.4,56.0,8.23,8.27,5.06,16704
7832,1.01,Very Good,E,SI2,63.4,59.0,6.32,6.26,3.99,4299
19403,1.53,Ideal,I,SI2,61.3,59.0,7.42,7.39,4.54,8062
25144,1.57,Ideal,G,VS2,61.4,55.0,7.48,7.52,4.61,13713
31661,0.38,Ideal,G,VS2,62.1,54.5,4.64,4.69,2.9,768
7720,0.26,Ideal,F,VS1,60.9,57.0,4.13,4.11,2.51,580
32542,0.27,Ideal,E,VVS2,62.0,55.0,4.14,4.12,2.56,799
52383,0.57,Ideal,E,VVS2,61.0,57.0,5.37,5.36,3.27,2507
40805,0.63,Premium,E,SI2,58.9,59.0,5.64,5.6,3.31,1169
46666,0.7,Very Good,J,SI2,61.7,59.0,5.64,5.67,3.49,1788
4032,0.95,Very Good,E,SI2,58.7,63.0,6.43,6.37,3.76,3527
13953,1.09,Premium,H,VS2,59.7,58.0,6.73,6.66,4.0,5677
37706,0.38,Very Good,G,VVS1,61.3,57.0,4.62,4.68,2.85,995
20110,1.5,Premium,I,SI1,61.8,58.0,7.26,7.3,4.5,8580
4064,0.31,Ideal,D,SI1,62.3,54.0,4.33,4.37,2.71,571
26230,2.1,Ideal,I,SI2,61.9,56.0,8.22,8.2,5.08,15653
6165,1.01,Fair,F,SI1,66.8,60.0,6.21,6.13,4.12,3991
41290,0.52,Ideal,G,SI2,62.1,56.0,5.13,5.18,3.2,1210
27043,0.32,Very Good,G,VS1,62.8,54.0,4.38,4.41,2.76,645
30811,0.41,Ideal,H,VS2,61.5,55.0,4.78,4.81,2.95,743
754,0.9,Very Good,G,SI2,63.1,58.0,6.08,6.02,3.82,2857
49684,0.72,Premium,H,SI2,61.8,56.0,5.79,5.73,3.56,2144
29149,0.31,Ideal,D,SI1,61.5,55.0,4.38,4.4,2.7,692
51399,0.7,Premium,F,VS2,61.1,62.0,5.69,5.64,3.46,2369
28105,0.3,Very Good,D,VS2,62.0,62.0,4.24,4.27,2.64,663
34930,0.32,Very Good,J,SI1,61.6,58.0,4.36,4.4,2.7,374
21658,1.22,Ideal,F,VS1,62.6,55.0,6.86,6.82,4.28,9756
23576,1.62,Ideal,I,VVS2,62.7,54.0,7.47,7.52,4.7,11587
48368,0.56,Ideal,D,VS2,62.1,57.0,5.25,5.28,3.27,1963
39893,0.42,Ideal,F,VS1,61.9,57.0,4.81,4.79,2.97,1103
36775,0.3,Ideal,G,IF,62.0,56.0,4.31,4.3,2.67,956
8789,1.23,Premium,D,SI2,58.0,59.0,7.02,6.97,4.06,4470
7022,1.36,Fair,J,SI2,67.8,55.0,6.73,6.66,4.54,4158
32487,0.4,Very Good,G,SI1,62.6,55.3,4.69,4.71,2.93,795
42609,0.32,Premium,I,VS1,62.0,58.0,4.37,4.4,2.72,505
25467,1.36,Very Good,D,VVS2,62.6,58.0,7.06,7.21,4.47,14236
36664,0.36,Ideal,E,VS2,61.8,56.0,4.57,4.59,2.83,949
53725,0.72,Premium,D,VS2,61.1,60.0,5.74,5.69,3.49,2721
24479,1.1,Ideal,E,VVS1,61.1,56.0,6.69,6.73,4.1,12748
15387,0.29,Very Good,G,VVS1,61.5,57.0,4.24,4.27,2.62,607
23214,2.34,Ideal,H,I1,62.4,55.0,8.51,8.44,5.29,11221
33973,0.31,Good,F,VVS2,63.6,55.0,4.33,4.29,2.74,846
19947,1.5,Good,E,SI2,64.5,58.0,7.06,7.11,4.57,8492
47109,0.75,Fair,J,SI1,55.0,66.0,6.2,6.04,3.37,1827
35476,0.42,Ideal,E,VS2,60.9,57.0,4.85,4.87,2.96,902
738,0.31,Ideal,H,VS1,61.8,54.2,4.33,4.37,2.69,557
41973,0.54,Good,D,SI1,63.7,57.0,5.22,5.14,3.3,1263
49098,0.64,Good,F,VS2,59.3,60.7,5.59,5.66,3.34,2063
18591,1.51,Very Good,G,SI1,63.1,56.0,7.27,7.22,4.57,7585
40691,0.5,Good,D,SI2,63.4,59.0,5.0,5.03,3.18,1157
41959,0.23,Very Good,E,VVS2,61.3,57.0,3.97,4.02,2.45,505
11751,1.01,Premium,E,SI1,63.0,61.0,6.42,6.37,4.03,5077
31315,0.32,Premium,D,VS2,61.7,58.0,4.34,4.38,2.69,758
31343,0.27,Ideal,F,VVS2,62.7,55.0,4.1,4.12,2.58,760
31491,0.34,Premium,G,VS2,60.3,58.0,4.53,4.49,2.72,765
3393,0.35,Very Good,H,VS2,60.1,56.0,4.61,4.64,2.78,567
11108,1.03,Very Good,H,SI1,63.3,57.0,6.41,6.39,4.05,4932
7071,0.33,Ideal,I,VVS2,62.4,57.0,4.41,4.44,2.76,579
25449,1.64,Premium,G,VS2,62.4,58.0,7.49,7.52,4.68,14201
9349,1.11,Very Good,H,SI2,59.0,59.0,6.79,6.82,4.02,4584
37605,0.24,Very Good,D,VVS2,58.7,61.0,4.04,4.07,2.38,485
40445,0.7,Fair,H,I1,62.1,66.0,5.56,5.52,3.44,1138
27389,0.41,Ideal,J,VS1,62.7,57.0,4.72,4.75,2.97,647
25271,2.06,Premium,I,SI2,61.0,61.0,8.18,8.1,5.02,13912
19263,1.51,Ideal,H,SI2,62.3,58.0,7.27,7.33,4.55,7990
16433,1.13,Ideal,E,SI1,62.2,55.0,6.66,6.69,4.15,6563
11275,1.04,Ideal,G,SI2,61.9,58.0,6.47,6.51,4.02,4973
13506,1.01,Premium,D,SI1,61.7,62.0,6.34,6.3,3.9,5543
40153,0.46,Ideal,E,SI2,61.3,56.0,5.02,4.96,3.06,1116
17013,1.03,Ideal,G,VS2,60.7,57.0,6.53,6.56,3.97,6793
29883,0.3,Ideal,D,VS2,62.2,54.0,4.28,4.31,2.67,710
27083,2.05,Ideal,J,VVS2,62.7,56.0,8.18,8.11,5.11,17214
43308,0.58,Very Good,H,SI1,62.5,58.0,5.29,5.31,3.31,1402
12713,0.26,Ideal,E,VVS2,62.3,57.0,4.06,4.09,2.54,599
11854,1.11,Premium,H,SI1,62.1,58.0,6.6,6.57,4.09,5102
30898,0.41,Ideal,D,SI1,63.0,53.0,4.74,4.79,3.0,744
9637,1.09,Premium,H,SI2,62.5,58.0,6.61,6.55,4.11,4639
19284,1.11,Very Good,D,VS2,63.2,57.0,6.64,6.61,4.18,8006
4363,0.9,Good,F,SI1,63.9,58.0,6.12,6.08,3.9,3604
26749,2.22,Very Good,I,SI2,63.2,57.0,8.28,8.23,5.22,16547
31092,0.3,Premium,D,VVS2,62.4,58.0,4.26,4.3,2.67,752
15848,1.02,Ideal,D,SI1,62.2,56.0,6.43,6.47,4.0,6340
29197,0.33,Very Good,I,IF,59.0,61.0,4.49,4.56,2.67,694
4505,1.0,Fair,G,SI1,67.7,57.0,6.0,6.15,4.11,3631
25359,0.31,Very Good,G,VVS1,61.9,55.0,4.36,4.4,2.71,642
18245,1.01,Ideal,F,VS2,60.9,58.0,6.43,6.47,3.93,7411
41833,0.56,Ideal,H,SI1,60.3,58.0,5.35,5.4,3.24,1253
24124,2.36,Good,J,SI2,58.9,64.0,8.75,8.68,5.14,12286
34240,0.4,Premium,D,SI2,62.4,58.0,4.73,4.69,2.94,855
13356,0.24,Very Good,E,VS2,63.0,58.0,3.94,3.97,2.49,419
31403,0.3,Ideal,G,VVS1,61.9,57.0,4.28,4.31,2.66,764
30513,0.31,Very Good,D,SI1,63.5,56.0,4.31,4.29,2.73,732
12950,1.01,Ideal,H,SI1,61.7,57.0,6.37,6.44,3.96,5387
26552,2.32,Premium,F,SI2,62.5,59.0,8.51,8.44,5.3,16237
31069,0.33,Premium,G,VVS2,62.0,59.0,4.41,4.46,2.75,752
19692,0.3,Ideal,G,VS1,61.8,57.0,4.29,4.32,2.66,624
16135,1.01,Ideal,G,VS2,61.9,58.0,6.37,6.43,3.96,6449
47117,0.59,Ideal,F,VS2,61.0,56.0,5.41,5.44,3.31,1828
16883,1.11,Ideal,E,SI1,62.5,54.0,6.62,6.63,4.13,6737
4145,0.92,Premium,I,SI1,58.8,59.0,6.36,6.33,3.73,3545
9465,0.9,Good,D,VS2,63.5,61.0,6.09,6.16,3.89,4601
33210,0.27,Premium,F,IF,61.7,57.0,4.21,4.12,2.57,820
31452,0.34,Ideal,G,VS2,61.5,55.0,4.5,4.47,2.76,765
51949,0.71,Very Good,E,SI1,63.1,59.0,5.75,5.62,3.59,2441
4393,0.31,Premium,D,SI1,61.4,58.0,4.34,4.39,2.68,571
36999,0.44,Premium,G,VS1,62.3,59.0,4.82,4.87,3.02,965
25050,1.63,Very Good,E,VS2,61.8,58.0,7.49,7.57,4.65,13555
46656,0.51,Ideal,D,VS2,62.1,56.0,5.11,5.16,3.19,1787
22332,1.21,Ideal,G,VVS2,62.0,56.0,6.8,6.84,4.23,10378
25557,1.5,Premium,E,VS2,59.5,58.0,7.53,7.46,4.46,14386
25635,1.51,Premium,G,VS1,62.6,60.0,7.28,7.19,4.53,14507
21574,1.06,Very Good,E,VVS2,63.4,55.0,6.46,6.51,4.11,9680
34305,0.37,Ideal,E,VS1,61.6,54.0,4.6,4.65,2.86,858
22837,1.05,Ideal,F,VVS1,61.6,55.0,6.57,6.53,4.04,10872
10553,1.02,Very Good,E,SI1,60.5,63.0,6.48,6.54,3.94,4813
9503,1.03,Ideal,H,SI2,61.6,54.0,6.51,6.55,4.02,4611
21000,1.1,Ideal,G,VVS2,60.5,56.0,6.76,6.7,4.07,9215
21142,1.57,Ideal,H,SI2,60.7,57.0,7.49,7.54,4.56,9298
21613,1.22,Very Good,G,VVS2,59.3,58.0,6.97,6.99,4.14,9706
13743,1.22,Ideal,H,SI2,61.0,57.0,6.93,6.88,4.2,5602
42713,0.56,Good,F,SI1,63.2,56.0,5.24,5.29,3.33,1340
20398,0.31,Premium,H,VVS2,60.6,60.0,4.34,4.38,2.64,625
22005,1.53,Very Good,H,VS1,59.5,63.0,7.51,7.44,4.45,10076
53342,0.73,Ideal,H,SI1,62.0,55.0,5.76,5.85,3.6,2656
27853,0.3,Ideal,E,VS2,62.1,53.6,4.3,4.35,2.69,652
35835,0.42,Very Good,G,SI1,61.7,55.0,4.78,4.81,2.96,916
25297,1.25,Very Good,F,IF,60.3,58.0,6.96,7.03,4.22,13953
20037,0.3,Very Good,E,SI2,61.7,61.0,4.28,4.31,2.65,421
38593,0.43,Good,H,VVS1,61.2,61.0,4.84,4.9,2.98,1037
25506,2.21,Premium,H,SI2,61.3,60.0,8.35,8.33,5.11,14299
10733,0.33,Premium,I,VS2,62.0,60.0,4.46,4.41,2.75,594
19443,1.06,Ideal,G,VS1,61.7,57.0,6.52,6.57,4.04,8093
26406,2.0,Very Good,I,VS2,58.6,62.0,8.17,8.2,4.8,15923
20039,0.3,Premium,H,SI1,59.3,59.0,4.36,4.38,2.59,421
11081,0.9,Very Good,E,VS2,60.4,59.0,6.26,6.3,3.79,4925
10467,1.21,Very Good,I,SI2,62.1,59.0,6.8,6.86,4.24,4791
26891,2.04,Premium,D,SI2,61.8,60.0,8.09,8.13,5.01,16872
28657,0.31,Ideal,G,VVS1,60.2,58.0,4.37,4.43,2.65,676
34666,0.31,Premium,E,VS2,61.7,58.0,4.34,4.31,2.67,872
42522,0.45,Premium,G,VVS1,60.8,58.0,4.98,4.92,3.01,1323
41857,0.55,Ideal,F,SI2,61.1,56.0,5.29,5.32,3.24,1256
376,1.2,Fair,F,I1,64.6,56.0,6.73,6.66,4.33,2809
31680,0.26,Ideal,E,VVS2,61.5,56.0,4.11,4.08,2.52,769
29272,0.31,Good,E,SI1,63.7,57.0,4.31,4.29,2.74,698
43369,0.58,Ideal,G,SI1,62.0,58.0,5.33,5.38,3.32,1408
9808,1.01,Very Good,H,SI1,63.3,56.0,6.35,6.39,4.03,4669
43104,0.54,Ideal,G,SI1,61.4,54.0,5.27,5.35,3.26,1384
351,0.72,Ideal,D,SI1,61.5,54.0,5.77,5.8,3.56,2804
22154,1.09,Ideal,F,VVS2,62.0,56.0,6.63,6.6,4.1,10196
44537,0.5,Ideal,E,VS1,62.3,55.0,5.09,5.12,3.18,1603
16374,0.33,Very Good,D,SI1,62.8,55.0,4.41,4.45,2.78,608
31376,0.31,Very Good,G,VVS1,62.8,57.0,4.3,4.33,2.71,761
16114,1.01,Premium,G,VS1,62.7,56.0,6.46,6.36,4.02,6441
13841,1.23,Ideal,H,SI2,61.4,54.0,6.95,6.94,4.26,5641
11643,0.65,Ideal,D,VVS1,60.9,57.0,5.58,5.61,3.41,5052
49319,0.32,Very Good,F,SI2,63.5,56.0,4.37,4.35,2.77,540
24027,1.64,Ideal,I,VS2,60.6,57.0,7.66,7.69,4.65,12199
25899,2.48,Fair,I,SI2,56.7,66.0,8.88,8.64,4.99,15030
8118,1.01,Very Good,E,SI2,60.4,60.0,6.48,6.57,3.94,4352
15541,1.03,Premium,G,VS2,58.9,59.0,6.65,6.59,3.9,6229
21170,1.7,Premium,F,SI2,58.5,60.0,7.87,7.8,4.58,9330
49168,0.62,Ideal,F,VS1,62.3,56.0,5.43,5.46,3.39,2073
26402,2.01,Very Good,I,VS2,59.6,62.0,8.17,8.25,4.89,15919
15547,1.04,Very Good,G,VS2,63.4,55.0,6.48,6.42,4.09,6232
48563,0.52,Ideal,D,VS1,60.9,56.0,5.19,5.22,3.17,1991
29972,0.32,Ideal,D,SI1,61.5,56.0,4.41,4.44,2.72,715
46712,0.59,Ideal,D,SI1,61.3,59.0,5.36,5.4,3.3,1793
9798,1.24,Premium,J,SI2,62.2,58.0,6.94,6.82,4.28,4666
6471,0.91,Very Good,F,SI2,60.9,58.0,6.28,6.2,3.8,4054
30281,0.34,Very Good,I,SI1,59.2,61.0,4.57,4.58,2.71,447
26413,2.06,Very Good,G,SI2,59.0,58.0,8.3,8.38,4.92,15938
20523,1.52,Good,I,SI1,64.1,57.0,7.26,7.21,4.64,8852
27437,2.21,Ideal,I,SI1,61.6,57.0,8.38,8.43,5.18,18062
43789,0.56,Premium,G,SI1,60.2,59.0,5.36,5.34,3.22,1441
38733,0.4,Ideal,G,VVS1,62.4,54.0,4.73,4.76,2.96,1043
22194,1.21,Ideal,G,VVS1,60.2,57.0,7.02,6.94,4.2,10232
43637,0.38,Ideal,E,IF,61.1,56.0,4.67,4.72,2.87,1433
5800,0.95,Premium,E,SI2,58.9,61.0,6.45,6.41,3.79,3907
6132,1.39,Premium,I,I1,62.6,57.0,7.15,7.1,4.46,3985
17913,1.01,Very Good,G,VVS2,62.8,58.0,6.38,6.42,4.02,7234
21265,1.57,Ideal,H,SI1,61.8,55.0,7.47,7.51,4.63,9416
19063,1.01,Very Good,G,VVS2,60.8,59.0,6.42,6.5,3.93,7847
9889,1.02,Ideal,F,SI2,61.6,56.0,6.52,6.49,4.01,4684
44594,0.53,Ideal,H,VS1,61.2,56.0,5.26,5.21,3.2,1607
10963,1.03,Very Good,G,SI1,63.1,58.0,6.41,6.37,4.03,4903
5697,1.0,Good,E,SI2,63.7,61.0,6.32,6.27,4.01,3889
43521,0.5,Ideal,G,VS2,62.6,57.0,5.11,5.05,3.18,1424
42202,0.4,Good,F,VVS1,59.2,64.0,4.8,4.83,2.85,1287
37216,0.44,Good,F,SI2,56.6,63.0,5.11,5.06,2.88,974
5396,0.3,Ideal,D,SI2,62.1,57.0,4.33,4.3,2.68,574
29884,0.3,Ideal,E,VS1,61.5,56.0,4.31,4.37,2.67,710
23876,1.73,Premium,H,SI1,62.4,58.0,7.61,7.64,4.76,11969
33061,0.3,Ideal,F,VVS1,61.9,57.0,4.3,4.32,2.67,814
4284,1.0,Ideal,E,I1,61.8,56.0,6.43,6.38,3.96,3584
10767,1.11,Ideal,J,VS1,61.7,57.0,6.67,6.72,4.13,4854
4424,0.9,Fair,F,SI2,64.6,56.0,6.01,6.07,3.9,3613
43745,0.51,Very Good,E,SI1,62.8,55.0,5.07,5.12,3.2,1438
52841,0.73,Ideal,I,VVS1,61.9,55.0,5.78,5.82,3.59,2575
45993,0.5,Ideal,E,VS1,62.2,57.0,5.13,5.1,3.18,1724
39111,0.41,Premium,G,VS2,59.9,59.0,4.86,4.82,2.9,1061
23924,2.01,Ideal,J,SI1,62.1,56.0,8.08,8.03,5.0,12048
53919,0.76,Ideal,I,VVS1,62.2,55.0,5.89,5.87,3.66,2753
22145,2.01,Fair,H,SI2,64.9,56.0,7.88,7.81,5.09,10184
26056,2.13,Ideal,J,VS2,62.1,55.0,8.23,8.29,5.13,15258
41017,0.4,Ideal,F,VVS1,62.2,56.0,4.71,4.74,2.94,1186
20997,1.13,Ideal,G,VVS1,61.2,57.0,6.72,6.65,4.09,9214
21807,1.74,Ideal,D,SI2,59.7,55.0,7.9,7.84,4.7,9880
53848,0.82,Ideal,J,VS2,61.6,56.0,6.0,6.04,3.71,2741
18436,1.5,Premium,H,SI2,62.1,59.0,7.28,7.24,4.51,7500
1891,0.76,Ideal,D,SI1,62.8,57.0,5.81,5.85,3.66,3075
28812,0.32,Very Good,F,VVS2,63.2,52.0,4.38,4.39,2.77,683
2257,0.75,Ideal,D,SI1,62.0,58.0,5.81,5.84,3.61,3152
22844,1.57,Premium,H,VS1,61.7,58.0,7.47,7.56,4.64,10880
3213,0.9,Good,H,SI2,61.3,61.0,6.11,6.16,3.76,3348
45999,0.7,Premium,I,SI2,62.1,60.0,5.65,5.62,3.5,1724
44872,0.52,Very Good,G,VS1,62.3,58.0,5.14,5.17,3.21,1629
1994,0.81,Premium,F,SI1,60.3,59.0,5.98,6.05,3.63,3097
4003,0.71,Ideal,D,VS1,60.9,57.0,5.74,5.76,3.5,3518
38590,0.57,Very Good,J,SI1,60.6,61.0,5.36,5.4,3.26,1037
25863,2.08,Premium,I,SI2,62.3,58.0,8.18,8.13,5.08,14947
43561,0.49,Good,F,VS1,58.9,60.5,5.17,5.21,3.05,1430
15811,1.3,Good,D,SI2,57.1,63.0,7.22,7.27,4.14,6327
25504,1.52,Very Good,D,SI1,60.6,57.8,7.4,7.46,4.51,14295
28235,0.33,Ideal,G,VS1,62.3,57.0,4.38,4.42,2.74,666
51956,0.6,Ideal,E,VS1,61.6,55.0,5.43,5.48,3.36,2442
36894,0.31,Premium,F,VVS1,61.8,59.0,4.35,4.33,2.68,959
6004,1.01,Good,D,SI2,63.6,61.0,6.35,6.33,4.03,3959
8080,1.23,Premium,J,VS2,58.0,61.0,7.07,7.03,4.09,4338
37639,0.39,Premium,H,VVS1,61.5,56.0,4.73,4.7,2.9,990
16249,1.02,Ideal,G,VS2,61.4,55.0,6.48,6.51,3.99,6499
32016,0.42,Premium,E,SI2,61.8,61.0,4.84,4.8,2.98,778
21572,1.44,Good,G,VS1,63.6,58.0,7.01,6.96,4.44,9677
20709,0.31,Premium,F,VS2,61.3,59.0,4.31,4.34,2.65,625
20761,1.05,Ideal,G,VVS2,60.4,54.0,6.6,6.65,4.0,9000
47994,0.32,Ideal,J,IF,62.2,56.0,4.37,4.41,2.73,533
20010,0.3,Very Good,H,SI1,61.3,61.0,4.25,4.27,2.61,421
20725,0.31,Ideal,F,VS2,61.9,55.0,4.37,4.39,2.71,625
9224,1.1,Premium,H,SI2,62.6,57.0,6.6,6.56,4.12,4558
25111,1.23,Ideal,D,VVS2,62.4,55.0,6.87,6.82,4.27,13653
11107,1.03,Premium,H,SI1,61.9,58.0,6.49,6.43,4.0,4932
4904,0.91,Ideal,E,SI2,61.8,53.0,6.22,6.3,3.87,3723
8216,1.02,Premium,G,SI2,62.5,59.0,6.42,6.37,4.0,4370
10825,1.01,Very Good,F,SI1,60.8,59.0,6.49,6.53,3.96,4869
30419,0.32,Very Good,G,VVS2,62.2,57.0,4.36,4.38,2.72,730
43005,0.52,Very Good,G,VS2,63.0,56.0,5.09,5.13,3.22,1369
43689,0.5,Very Good,D,SI1,58.5,60.0,5.13,5.19,3.02,1436
5872,0.85,Ideal,E,VS2,59.3,57.0,6.19,6.22,3.68,3924
17129,1.21,Ideal,H,VS1,60.7,57.0,6.86,6.89,4.17,6834
45706,0.56,Ideal,G,VS2,61.0,57.0,5.34,5.32,3.25,1698
29784,0.3,Premium,D,SI1,59.7,59.0,4.37,4.34,2.6,709
30217,0.33,Ideal,E,VS2,62.0,56.0,4.46,4.48,2.77,723
7685,1.2,Premium,F,SI2,62.7,60.0,6.73,6.67,4.21,4274
43582,0.5,Premium,D,VS2,62.2,60.0,5.15,5.05,3.17,1431
49735,0.72,Ideal,J,SI1,62.3,55.0,5.73,5.76,3.58,2154
3463,1.06,Premium,J,SI2,62.9,59.0,6.43,6.39,4.03,3391
6074,0.91,Ideal,E,SI2,61.5,56.0,6.2,6.23,3.82,3968
29406,0.33,Ideal,G,VS1,61.9,55.0,4.44,4.49,2.77,699
3379,0.31,Premium,I,SI1,61.3,58.0,4.34,4.37,2.67,408
18556,1.01,Ideal,E,VS1,61.6,57.0,6.45,6.41,3.96,7565
33542,0.35,Ideal,E,VS1,61.2,56.0,4.53,4.55,2.78,829
32088,0.33,Ideal,D,VS2,62.6,56.0,4.39,4.43,2.76,781
37759,0.44,Premium,E,SI1,62.3,58.0,4.88,4.85,3.03,998
51486,0.7,Premium,G,VS2,63.0,57.0,5.67,5.6,3.55,2381
49244,0.51,Ideal,F,VS1,61.7,55.0,5.14,5.17,3.18,2085
13759,1.03,Ideal,E,SI1,62.0,53.0,6.47,6.5,4.02,5608
52799,0.71,Very Good,E,SI1,60.3,58.0,5.8,5.85,3.51,2570
21797,1.02,Ideal,F,VVS2,60.9,56.0,6.54,6.49,3.97,9870
53177,0.71,Premium,E,VS2,61.3,59.0,5.7,5.76,3.51,2630
37801,0.51,Ideal,I,SI1,61.7,54.0,5.18,5.19,3.2,1000
3255,0.91,Good,D,SI1,64.0,59.0,6.13,6.02,3.89,3357
39342,0.38,Ideal,E,VVS2,62.1,54.5,4.62,4.66,2.88,1073
22559,1.43,Premium,G,VS2,62.2,58.0,7.18,7.15,4.46,10609
254,0.77,Premium,H,VS1,61.3,60.0,5.9,5.88,3.61,2789
12584,1.11,Premium,G,SI1,60.1,60.0,6.73,6.68,4.03,5281
25203,1.52,Very Good,D,VS2,62.4,58.0,7.23,7.28,4.53,13799
33486,0.32,Premium,F,VS2,61.7,58.0,4.41,4.38,2.71,828
15768,1.18,Ideal,I,VS2,62.3,56.0,6.76,6.73,4.21,6304
6032,0.33,Very Good,I,VS1,59.9,62.0,4.48,4.57,2.71,575
10728,0.31,Ideal,D,SI2,62.0,56.0,4.35,4.33,2.69,593
29590,0.32,Ideal,D,SI1,62.9,56.0,4.4,4.38,2.76,706
42947,0.3,Premium,F,SI2,62.3,58.0,4.32,4.28,2.68,506
50844,0.62,Very Good,D,VS2,59.2,59.1,5.55,5.6,3.3,2311
19230,1.53,Ideal,I,VS1,62.9,57.0,7.36,7.3,4.61,7968
40336,0.51,Ideal,E,SI2,61.3,61.0,5.13,5.15,3.15,1128
17016,1.52,Ideal,H,I1,61.6,56.0,7.75,7.73,4.77,6793
16280,1.01,Ideal,G,VS2,60.1,55.0,6.53,6.58,3.94,6512
8315,1.0,Ideal,H,SI2,58.3,61.0,6.56,6.61,3.84,4390
42511,0.51,Ideal,F,SI1,61.2,56.0,5.19,5.21,3.18,1322
42716,0.54,Ideal,E,SI2,60.4,57.0,5.33,5.27,3.2,1340
8609,1.02,Good,E,SI1,63.7,62.0,6.31,6.4,4.05,4443
34325,0.39,Premium,E,SI1,59.1,59.0,4.81,4.76,2.83,860
51766,0.7,Very Good,D,SI1,61.0,59.0,5.67,5.7,3.47,2409
3516,0.71,Ideal,F,VS1,61.1,56.0,5.75,5.78,3.52,3404
27487,1.76,Ideal,G,VS1,62.8,55.0,7.74,7.7,4.85,18178
36371,0.33,Ideal,D,VS2,60.9,56.0,4.49,4.51,2.74,940
1163,1.2,Premium,I,I1,60.5,58.0,6.9,6.79,4.14,2925
27498,2.05,Ideal,E,SI1,62.4,57.0,8.17,8.09,5.08,18193
10213,1.16,Ideal,I,SI1,61.5,60.0,6.76,6.71,4.14,4742
18009,1.22,Premium,H,VS1,58.9,59.0,7.02,6.96,4.12,7283
68,0.31,Premium,G,SI1,61.8,58.0,4.35,4.32,2.68,553
52868,0.73,Ideal,E,SI1,61.9,57.0,5.74,5.79,3.57,2581
37359,0.4,Premium,G,VVS2,59.7,58.0,4.78,4.8,2.86,982
26811,2.01,Premium,I,VS2,61.7,60.0,8.09,8.02,4.97,16700
36771,0.3,Premium,E,VVS1,61.3,59.0,4.33,4.28,2.64,956
14702,0.3,Ideal,G,VS1,61.5,57.0,4.31,4.34,2.66,605
50424,0.5,Very Good,G,VVS2,60.0,56.0,5.18,5.21,3.12,2260
38164,0.34,Ideal,G,IF,61.9,54.0,4.46,4.49,2.77,1014
17636,1.29,Good,I,VS2,57.9,61.0,7.16,7.13,4.14,7102
23688,1.51,Premium,G,VS2,58.1,61.0,7.57,7.54,4.39,11746
3399,0.3,Very Good,I,VS1,61.8,63.0,4.29,4.26,2.64,567
23933,1.76,Premium,D,SI1,61.0,60.0,7.76,7.68,4.77,12063
9372,0.32,Premium,D,SI1,60.8,58.0,4.41,4.44,2.69,589
53914,0.84,Good,I,VS1,63.7,59.0,5.94,5.9,3.77,2753
37297,0.38,Ideal,F,VS1,62.5,56.0,4.6,4.62,2.88,978
26458,2.01,Good,I,VS2,63.6,57.0,7.87,7.95,5.03,16003
26425,2.01,Very Good,I,VVS2,63.5,58.0,7.92,7.82,5.0,15952
23768,1.65,Very Good,H,VS1,62.0,56.0,7.53,7.59,4.68,11823
49966,0.33,Very Good,E,SI1,59.1,59.0,4.54,4.59,2.7,540
6273,1.12,Premium,E,I1,61.0,59.0,6.74,6.7,4.1,4014
12020,1.0,Premium,F,SI1,62.5,59.0,6.39,6.34,3.98,5152
14926,1.73,Fair,H,SI2,65.9,58.0,7.52,7.45,4.93,6007
42852,0.41,Premium,D,VVS2,61.8,58.0,4.79,4.75,2.95,1356
6885,1.06,Very Good,I,SI2,62.8,56.0,6.47,6.55,4.09,4132
9387,0.32,Good,D,SI1,63.8,56.0,4.33,4.35,2.77,589
53048,0.8,Ideal,I,VS2,61.6,58.0,5.99,6.03,3.7,2606
50848,0.83,Premium,J,SI1,62.8,58.0,6.0,5.95,3.75,2311
20207,1.05,Ideal,G,VVS2,62.2,56.0,6.49,6.53,4.05,8645
7102,1.06,Ideal,I,SI2,61.3,56.0,6.59,6.55,4.03,4167
31796,0.42,Very Good,E,SI1,62.7,57.0,4.77,4.83,3.01,773
48879,0.56,Very Good,E,VS1,61.9,57.0,5.29,5.31,3.28,2037
25364,0.28,Very Good,E,VVS1,59.6,59.0,4.3,4.33,2.57,642
3355,0.8,Very Good,G,VS1,63.5,57.0,5.87,5.91,3.74,3381
16600,1.01,Very Good,D,SI1,62.1,59.0,6.37,6.41,3.97,6630
48742,0.57,Good,D,VS2,58.3,61.0,5.42,5.45,3.17,2015
21418,1.52,Premium,H,SI1,62.1,59.0,7.29,7.36,4.55,9527
11948,1.01,Very Good,E,SI1,58.2,59.0,6.54,6.59,3.82,5132
4125,0.64,Very Good,E,VVS2,61.8,59.0,5.51,5.53,3.41,3541
35343,0.42,Very Good,H,SI1,63.2,58.0,4.79,4.77,3.02,898
23081,1.41,Ideal,G,VS1,60.4,57.0,7.31,7.22,4.39,11109
41613,0.27,Very Good,H,VVS1,61.2,57.0,4.15,4.18,2.55,504
25714,2.02,Very Good,I,VS2,58.8,57.0,8.21,8.29,4.85,14620
22127,1.8,Very Good,I,SI2,63.2,58.0,7.75,7.66,4.87,10161
22031,0.34,Very Good,H,SI1,63.3,56.0,4.46,4.45,2.82,628
41803,0.5,Very Good,F,SI1,62.3,60.0,5.07,5.11,3.17,1250
6031,0.25,Very Good,E,VVS1,60.2,59.0,4.11,4.13,2.48,575
14771,1.06,Ideal,D,SI1,62.7,54.0,6.52,6.55,4.1,5946
36962,0.41,Premium,G,VS1,62.4,57.0,4.74,4.71,2.95,961
48778,0.7,Premium,H,SI1,62.2,59.0,5.7,5.65,3.53,2020
12434,1.04,Ideal,J,VVS2,61.1,58.0,6.49,6.57,3.99,5242
52769,0.73,Very Good,E,SI1,60.2,60.0,5.81,5.86,3.51,2564
7911,1.03,Very Good,G,SI2,63.0,57.0,6.4,6.42,4.04,4315
7198,1.02,Ideal,I,SI2,62.8,58.0,6.37,6.41,4.01,4189
53179,0.73,Ideal,G,SI1,61.4,58.0,5.77,5.79,3.55,2630
46171,0.5,Premium,E,VS2,61.8,58.0,5.09,5.07,3.14,1746
28174,0.35,Very Good,E,VS2,61.4,58.0,4.51,4.55,2.78,665
6769,0.91,Ideal,F,SI1,60.2,57.0,6.29,6.34,3.8,4108
27283,2.03,Very Good,G,SI2,62.7,55.0,8.07,8.14,5.08,17752
15179,1.01,Good,F,VS2,63.6,59.0,6.36,6.32,4.03,6097
28360,0.4,Ideal,I,VS2,62.4,54.0,4.73,4.76,2.96,667
32186,0.39,Ideal,H,VS2,61.6,56.0,4.68,4.71,2.89,788
44625,0.57,Ideal,G,VS2,61.6,57.0,5.32,5.36,3.29,1608
41006,0.4,Very Good,E,VVS2,59.8,60.0,4.8,4.84,2.88,1184
49280,0.6,Ideal,G,VS1,61.3,60.0,5.39,5.41,3.31,2091
52350,0.75,Very Good,F,SI1,62.1,57.0,5.82,5.88,3.63,2500
10078,0.32,Ideal,H,VS1,61.6,56.0,4.42,4.46,2.73,592
5921,1.0,Good,G,SI2,57.4,60.0,6.63,6.53,3.78,3941
40612,0.27,Good,F,VVS1,61.7,61.0,4.1,4.14,2.54,498
17519,1.21,Ideal,H,VS1,60.5,57.0,6.91,6.88,4.17,7047
28218,0.33,Ideal,G,VS1,61.6,57.0,4.41,4.45,2.73,666
9441,0.9,Ideal,H,VS1,61.6,56.0,6.17,6.13,3.79,4592
7967,1.16,Very Good,J,VS2,63.7,56.0,6.63,6.68,4.24,4323
6073,1.09,Premium,I,SI1,61.6,61.0,6.64,6.57,4.07,3968
27552,2.01,Good,H,VS1,57.6,63.0,8.23,8.25,4.75,18340
17019,1.01,Ideal,G,VS1,62.4,56.0,6.44,6.39,4.0,6794
31616,0.31,Ideal,I,SI2,62.0,54.1,4.32,4.35,2.69,372
2855,0.8,Good,E,VS2,64.5,56.0,5.8,5.86,3.76,3273
8597,0.9,Very Good,F,SI2,61.0,61.0,6.14,6.18,3.76,4441
52153,0.7,Very Good,F,VS2,62.9,57.0,5.59,5.63,3.53,2473
47532,0.59,Very Good,H,VVS1,63.7,56.0,5.35,5.38,3.42,1870
23772,1.61,Ideal,I,VS2,61.7,56.0,7.52,7.62,4.67,11826
10217,1.15,Premium,H,SI2,61.6,60.0,6.72,6.75,4.15,4743
38093,0.45,Premium,I,VVS1,63.0,56.0,4.9,4.88,3.08,1013
29828,0.42,Very Good,F,SI2,61.5,59.0,4.81,4.85,2.97,710
24706,0.41,Ideal,I,SI1,61.6,56.0,4.79,4.82,2.96,639
38931,0.4,Premium,E,VS1,60.4,59.0,4.76,4.81,2.89,1053
47987,0.25,Very Good,D,VVS1,63.8,54.0,3.94,3.99,2.53,533
50634,0.23,Very Good,F,VS2,63.4,56.0,3.84,3.89,2.45,402
11594,1.09,Premium,D,SI2,61.3,58.0,6.65,6.62,4.07,5042
39585,0.37,Premium,E,VVS2,59.7,61.0,4.71,4.67,2.8,1082
45823,0.55,Ideal,I,VVS1,62.7,57.0,5.23,5.17,3.26,1712
32949,0.25,Ideal,F,VS2,62.2,54.0,4.03,4.07,2.52,460
29791,0.3,Ideal,D,SI1,61.6,56.0,4.34,4.3,2.66,709
21407,1.02,Ideal,F,VVS2,61.1,56.3,6.48,6.52,3.97,9521
46101,0.55,Ideal,H,VVS1,60.5,57.0,5.32,5.35,3.23,1741
18099,1.37,Premium,J,VVS2,59.4,61.0,7.29,7.25,4.32,7319
29318,0.31,Ideal,H,VS1,61.7,57.0,4.38,4.34,2.69,698
32997,0.38,Very Good,H,SI1,63.3,57.0,4.62,4.58,2.91,812
16559,1.31,Ideal,I,VS1,62.1,56.0,7.01,7.04,4.36,6617
22928,1.02,Very Good,F,IF,62.5,58.0,6.39,6.54,4.04,10967
38408,0.35,Ideal,G,VVS2,62.1,56.0,4.51,4.47,2.79,1024
8554,1.01,Very Good,E,SI2,63.3,58.0,6.39,6.37,4.04,4434
6159,1.0,Very Good,J,SI2,62.8,54.0,6.35,6.43,4.01,3991
12990,1.02,Ideal,G,SI1,61.5,57.0,6.54,6.44,3.99,5398
17706,0.3,Very Good,F,VVS2,64.1,55.0,4.2,4.25,2.71,613
31876,0.3,Very Good,H,VVS2,63.5,55.0,4.28,4.25,2.71,776
26828,2.01,Very Good,F,SI2,60.3,60.0,8.08,8.11,4.88,16728
47788,0.52,Ideal,E,VS2,60.5,56.0,5.27,5.21,3.17,1897
28778,0.39,Good,F,VS2,64.3,55.0,4.56,4.64,2.96,681
2077,0.75,Premium,E,VS2,59.9,61.0,5.97,5.91,3.56,3108
12873,1.03,Premium,H,VS2,60.9,58.0,6.55,6.48,3.97,5364
11356,0.99,Very Good,D,SI2,62.5,57.0,6.3,6.34,3.95,4993
5948,0.97,Premium,I,VS2,62.2,56.0,6.34,6.29,3.94,3948
19937,1.2,Ideal,F,VS2,62.3,55.0,6.83,6.79,4.24,8486
44637,0.41,Ideal,E,VVS1,61.1,56.0,4.8,4.82,2.94,1608
9994,1.0,Very Good,D,SI2,63.3,56.0,6.38,6.35,4.03,4704
13027,0.26,Premium,H,VVS2,62.4,58.0,4.07,4.04,2.53,600
7263,1.03,Ideal,E,SI2,61.6,56.0,6.5,6.45,3.99,4199
29718,0.31,Ideal,G,VVS2,62.7,57.0,4.31,4.33,2.71,707
5202,1.04,Very Good,D,SI2,63.1,58.0,6.39,6.33,4.01,3780
45599,0.58,Ideal,G,SI1,61.5,56.0,5.35,5.38,3.3,1690
32408,0.41,Ideal,D,SI1,62.7,56.0,4.73,4.78,2.98,791
47063,0.52,Ideal,D,VS2,61.8,55.0,5.16,5.19,3.2,1822
27723,2.01,Ideal,G,SI1,62.2,56.0,8.02,7.97,4.97,18741
46163,0.5,Ideal,E,VS2,61.4,57.0,5.11,5.08,3.13,1746
46419,0.5,Ideal,E,VS2,60.8,55.0,5.19,5.16,3.15,1768
21378,0.34,Very Good,D,SI1,59.6,61.0,4.5,4.53,2.69,626
40300,0.4,Premium,G,VS1,60.7,58.0,4.81,4.78,2.91,1125
7875,0.9,Good,F,VS2,63.8,55.0,6.09,6.13,3.9,4309
30626,0.28,Ideal,I,VS1,62.4,54.0,4.18,4.19,2.61,448
20222,1.43,Very Good,H,SI1,61.7,59.0,7.23,7.29,4.48,8654
18597,1.09,Premium,F,VS1,61.3,60.0,6.67,6.61,4.07,7588
16867,1.07,Premium,G,VS1,58.6,60.0,6.76,6.65,3.93,6730
19454,1.05,Ideal,F,VS1,62.3,55.0,6.53,6.5,4.06,8100
23591,1.51,Premium,F,SI1,62.2,59.0,7.34,7.3,4.55,11607
33003,0.32,Ideal,E,VVS1,60.9,56.0,4.41,4.43,2.69,813
32522,0.35,Very Good,G,VVS2,62.4,56.0,4.47,4.53,2.81,798
29827,0.38,Very Good,H,VS2,61.6,56.0,4.68,4.71,2.89,710
30827,0.33,Premium,I,VVS2,62.2,59.0,4.47,4.41,2.76,743
35686,0.3,Premium,D,VS2,62.6,61.0,4.25,4.22,2.65,911
28312,0.3,Good,H,SI1,63.1,56.0,4.27,4.29,2.7,432
18858,1.53,Very Good,J,SI1,61.7,58.0,7.43,7.47,4.6,7730
24448,1.51,Good,D,VS2,59.8,65.0,7.36,7.43,4.42,12709
14190,1.02,Very Good,G,VS2,63.5,56.0,6.43,6.38,4.07,5758
26437,2.02,Ideal,H,SI2,63.0,57.0,8.01,8.06,5.06,15974
13088,1.29,Premium,H,SI2,61.0,57.0,7.13,6.95,4.31,5418
52111,0.91,Good,F,SI2,56.9,62.0,6.51,6.45,3.69,2461
30365,0.36,Very Good,I,VS1,63.3,56.0,4.56,4.51,2.87,729
30492,0.31,Premium,D,SI1,61.4,58.0,4.39,4.34,2.68,732
2110,0.85,Ideal,G,SI1,60.4,56.0,6.26,6.17,3.75,3118
25910,2.22,Very Good,I,SI2,62.9,59.0,8.2,8.24,5.17,15047
36572,0.7,Fair,F,I1,63.9,59.0,5.64,5.5,3.57,945
25543,1.5,Premium,F,VS2,60.8,58.0,7.44,7.29,4.48,14372
5448,0.9,Premium,E,SI2,61.7,58.0,6.18,6.11,3.79,3830
18203,1.32,Very Good,H,SI1,62.3,58.0,6.96,7.0,4.35,7389
51170,0.5,Ideal,E,VVS2,62.4,54.0,5.11,5.09,3.18,2346
49332,0.7,Very Good,H,SI2,63.4,55.0,5.59,5.64,3.56,2094
17134,1.26,Ideal,H,SI1,61.0,56.0,7.04,7.0,4.28,6837
23669,1.24,Very Good,F,VVS1,62.7,61.0,6.75,6.84,4.26,11716
35107,0.3,Ideal,F,IF,62.6,57.0,4.25,4.28,2.67,886
10473,1.01,Fair,F,VS2,66.1,61.0,6.1,6.04,4.01,4791
273,0.76,Ideal,I,VS2,61.3,56.0,5.87,5.91,3.61,2793
4604,0.73,Ideal,E,VS1,60.9,55.8,5.8,5.85,3.55,3660
29450,0.33,Ideal,E,SI1,61.6,55.0,4.47,4.49,2.76,702
28084,0.3,Premium,D,SI1,62.1,59.0,4.31,4.29,2.67,662
36034,0.41,Premium,G,SI1,61.3,58.0,4.8,4.76,2.93,923
3151,0.98,Fair,G,SI2,66.6,56.0,6.12,6.02,4.04,3332
15856,1.37,Ideal,I,VS2,61.5,56.0,7.14,7.11,4.38,6343
47262,0.7,Good,J,VS2,63.2,61.0,5.59,5.62,3.54,1843
13889,1.01,Very Good,D,SI1,63.2,58.0,6.28,6.34,3.99,5654
18424,1.0,Good,G,VVS2,60.9,56.0,6.49,6.52,3.96,7492
27039,0.32,Very Good,G,VS1,61.7,55.0,4.37,4.41,2.71,645
4831,0.71,Ideal,F,VVS2,61.2,55.0,5.73,5.84,3.54,3705
30028,0.43,Good,E,SI1,63.4,56.0,4.77,4.79,3.03,718
28128,0.29,Very Good,F,VVS2,62.7,58.0,4.22,4.26,2.66,664
31331,0.37,Ideal,F,VS2,61.7,55.0,4.61,4.73,2.88,759
8879,1.08,Premium,G,SI1,61.2,59.0,6.61,6.66,4.06,4485
38532,0.38,Premium,H,VVS1,61.2,60.0,4.7,4.68,2.87,1033
22172,1.52,Very Good,E,SI2,63.3,58.0,7.31,7.25,4.61,10214
22786,1.7,Very Good,J,VVS1,62.9,60.0,7.56,7.61,4.77,10808
35872,0.41,Premium,E,VVS2,61.5,58.0,4.75,4.78,2.93,918
49471,0.64,Very Good,E,VS2,63.4,54.0,5.52,5.49,3.49,2114
48197,0.46,Premium,D,VVS1,60.0,59.0,5.04,5.0,3.01,1947
19698,0.36,Premium,I,SI1,60.4,60.0,4.62,4.58,2.78,624
2039,0.7,Good,D,VS1,60.4,63.0,5.73,5.76,3.47,3107
51851,0.7,Very Good,F,SI1,63.2,57.0,5.68,5.62,3.57,2423
27359,1.51,Premium,D,VS1,63.0,52.0,7.37,7.3,4.62,17936
6382,0.25,Premium,E,VVS2,62.0,59.0,4.05,4.08,2.52,576
295,0.74,Ideal,H,VS1,61.6,56.0,5.81,5.82,3.58,2797
12666,0.91,Very Good,F,VS1,62.4,59.0,6.15,6.16,3.84,5302
43593,0.31,Ideal,H,VS2,61.2,56.0,4.35,4.37,2.67,507
24705,0.32,Ideal,F,VS1,61.5,56.0,4.4,4.44,2.72,639
29755,0.3,Premium,D,SI1,63.0,58.0,4.27,4.24,2.68,709
47436,0.55,Ideal,G,VS2,60.4,56.0,5.38,5.31,3.23,1854
48205,0.7,Premium,H,SI1,61.1,58.0,5.74,5.79,3.52,1948
32282,0.26,Very Good,E,VS1,63.0,59.0,4.03,4.06,2.55,453
52851,0.67,Ideal,G,VVS1,62.4,55.0,5.6,5.62,3.5,2577
4099,0.7,Ideal,D,VS1,62.2,56.0,5.69,5.72,3.55,3535
25134,2.01,Very Good,I,SI1,61.8,62.0,7.98,8.07,4.96,13691
32548,0.27,Ideal,D,VVS2,62.3,57.0,4.15,4.13,2.58,799
41598,0.31,Ideal,G,SI2,62.0,55.0,4.34,4.37,2.7,391
2054,0.32,Very Good,E,SI1,62.8,57.0,4.34,4.39,2.74,561
22829,1.1,Ideal,F,VVS1,62.7,57.0,6.57,6.63,4.14,10861
22716,1.33,Ideal,G,VS1,59.9,57.3,7.16,7.21,4.3,10732
39568,0.44,Very Good,G,VVS2,60.9,57.0,4.89,4.93,2.99,1081
20165,1.01,Very Good,G,IF,62.8,57.0,6.39,6.42,4.02,8621
40290,0.4,Ideal,H,VVS2,62.1,57.0,4.74,4.69,2.93,1125
25163,1.7,Premium,F,VS2,62.5,61.0,7.54,7.45,4.69,13737
3522,1.0,Premium,F,I1,62.4,59.0,6.38,6.34,3.97,3405
35133,0.41,Very Good,D,VS2,62.5,60.0,4.72,4.75,2.96,889
4490,0.9,Good,H,SI2,64.5,58.0,6.0,5.96,3.86,3627
344,0.8,Very Good,E,SI2,62.5,56.0,5.88,5.96,3.7,2804
33195,0.3,Ideal,H,VVS1,62.6,56.0,4.28,4.25,2.67,819
3437,0.9,Premium,H,SI1,61.0,59.0,6.16,6.11,3.74,3387
38331,0.32,Ideal,E,VVS1,61.6,56.0,4.42,4.41,2.72,1020
10605,1.17,Good,H,SI2,63.8,58.0,6.57,6.73,4.24,4826
14395,0.3,Good,H,VVS2,63.4,57.0,4.21,4.24,2.68,605
41902,0.52,Very Good,F,SI1,60.0,58.0,5.21,5.26,3.14,1261
33862,0.3,Ideal,E,VS2,61.4,55.0,4.34,4.32,2.66,844
48976,0.36,Premium,D,SI2,61.5,60.0,4.54,4.6,2.81,537
8830,0.98,Premium,E,SI2,61.7,61.0,6.38,6.34,3.93,4478
46488,0.46,Very Good,D,VVS1,62.2,56.0,4.94,4.97,3.08,1778
1262,0.82,Good,H,VS2,62.4,54.0,5.97,6.04,3.75,2947
6157,0.73,Ideal,F,VVS1,61.8,54.0,5.8,5.78,3.58,3990
1414,1.06,Premium,I,SI2,61.5,57.0,6.57,6.49,4.02,2968
17252,1.52,Fair,I,SI2,64.7,58.0,7.19,7.22,4.66,6905
46490,0.51,Very Good,E,VS1,61.6,59.0,5.1,5.12,3.15,1778
29087,0.34,Ideal,H,VS2,60.5,56.0,4.58,4.54,2.76,689
30431,0.32,Ideal,G,VVS2,62.1,57.0,4.4,4.42,2.74,730
39357,0.44,Premium,E,VS2,62.3,59.0,4.91,4.81,3.03,1073
30795,0.41,Ideal,I,VS2,62.0,57.0,4.74,4.77,2.95,742
22359,0.31,Ideal,H,VS2,62.6,57.0,4.38,4.34,2.73,628
8369,0.97,Premium,G,SI1,62.6,58.0,6.24,6.18,3.89,4400
18745,1.24,Very Good,G,VS2,61.5,58.0,6.89,6.94,4.25,7660
2477,0.81,Premium,G,VS2,61.4,60.0,6.02,5.99,3.69,3193
11464,1.01,Very Good,F,SI1,63.1,59.0,6.3,6.37,4.0,5010
25007,2.14,Premium,G,SI2,60.7,59.0,8.37,8.31,5.06,13540
30358,0.31,Ideal,F,VS1,61.1,57.0,4.34,4.36,2.66,729
5761,1.01,Good,F,SI2,63.7,60.0,6.37,6.29,4.02,3897
20922,1.05,Ideal,F,VVS2,61.5,57.0,6.51,6.57,4.02,9138
41215,0.4,Ideal,F,VVS1,61.5,56.0,4.77,4.73,2.92,1206
2849,1.1,Premium,I,SI2,59.3,62.0,6.75,6.7,3.99,3271
7004,1.0,Premium,F,SI2,62.4,61.0,6.34,6.32,3.95,4155
22459,1.6,Premium,E,SI2,59.4,59.0,7.61,7.55,4.5,10483
44227,0.61,Very Good,I,VS2,62.4,57.0,5.4,5.43,3.38,1572
43854,0.55,Premium,G,VS2,59.6,59.0,5.32,5.36,3.18,1448
13771,1.05,Very Good,H,VS2,63.3,56.0,6.48,6.41,4.08,5614
873,0.74,Ideal,E,SI1,62.3,58.0,5.74,5.78,3.59,2872
13533,1.0,Good,D,SI1,60.5,60.0,6.37,6.42,3.87,5546
22298,1.23,Ideal,F,VS2,62.4,54.0,6.84,6.87,4.28,10342
41527,0.42,Premium,G,VVS1,60.2,59.0,4.84,4.82,2.91,1235
16890,1.47,Premium,I,SI2,62.4,55.0,7.34,7.24,4.55,6742
3,0.29,Premium,I,VS2,62.4,58.0,4.2,4.23,2.63,334
50837,0.62,Very Good,D,VS1,63.4,55.0,5.46,5.43,3.45,2310
52228,0.8,Premium,G,SI2,59.7,62.0,6.02,5.98,3.58,2484
48109,0.5,Ideal,G,VVS2,62.3,56.0,5.09,5.05,3.16,1935
50522,0.7,Very Good,E,SI2,63.1,56.0,5.66,5.63,3.56,2273
27027,2.42,Premium,J,VS2,61.3,59.0,8.61,8.58,5.27,17168
30511,0.31,Ideal,D,SI1,62.6,57.0,4.32,4.3,2.7,732
35585,0.35,Ideal,D,VS2,60.5,56.0,4.63,4.6,2.79,907
6083,0.8,Ideal,E,VS2,61.4,56.0,5.97,6.02,3.68,3972
17864,1.51,Good,F,SI2,63.7,59.0,7.15,7.26,4.59,7208
61,0.3,Premium,D,SI1,62.6,59.0,4.23,4.27,2.66,552
13044,0.36,Premium,F,SI1,61.6,60.0,4.54,4.61,2.82,600
37573,0.4,Ideal,F,VVS2,60.1,57.0,4.78,4.83,2.89,990
6627,1.28,Good,H,SI2,56.8,62.0,7.22,7.16,4.08,4086
16493,1.11,Premium,F,VS2,63.0,56.0,6.62,6.49,4.15,6589
30904,0.31,Ideal,E,VS2,60.9,57.0,4.36,4.38,2.66,745
42771,0.62,Very Good,F,SI2,63.1,52.0,5.39,5.53,3.45,1348
3797,0.71,Ideal,E,VS1,60.4,57.0,5.75,5.81,3.49,3464
53744,0.74,Ideal,D,SI1,62.2,56.0,5.82,5.78,3.61,2723
3946,0.71,Ideal,D,SI1,61.4,55.0,5.78,5.82,3.56,3502
12102,1.13,Ideal,I,VS2,62.2,55.0,6.69,6.67,4.15,5165
153,0.73,Premium,G,VS2,61.4,59.0,5.83,5.76,3.56,2770
50323,0.71,Good,G,SI1,64.1,58.0,5.6,5.63,3.6,2240
11292,1.01,Ideal,H,SI1,62.3,55.0,6.43,6.37,3.99,4977
24139,1.54,Premium,G,VS2,61.6,59.0,7.46,7.4,4.58,12308
13478,1.08,Ideal,F,SI1,62.7,57.0,6.53,6.57,4.11,5534
44479,0.55,Ideal,E,VS2,62.0,55.0,5.24,5.28,3.26,1596
53017,0.71,Good,G,VS2,64.2,58.0,5.59,5.62,3.6,2599
95,0.7,Good,E,VS2,57.5,58.0,5.85,5.9,3.38,2759
42535,0.4,Premium,D,VVS2,60.8,59.0,4.81,4.76,2.91,1323
28617,0.3,Premium,E,SI1,61.3,60.0,4.28,4.24,2.61,675
6601,1.0,Very Good,F,SI2,62.6,58.0,6.31,6.37,3.97,4081
7240,1.0,Very Good,G,SI2,60.0,62.0,6.45,6.48,3.88,4195
39011,0.43,Ideal,I,IF,62.0,55.0,4.83,4.85,3.0,1056
41584,0.32,Very Good,I,SI1,62.4,58.0,4.42,4.46,2.77,388
51575,0.77,Premium,G,SI2,61.9,59.0,5.88,5.84,3.63,2391
8446,0.81,Ideal,F,VS1,62.3,55.0,5.97,6.0,3.73,4412
23938,1.52,Ideal,F,SI1,62.0,54.0,7.36,7.44,4.59,12071
20502,1.59,Ideal,I,SI1,62.1,57.0,7.48,7.46,4.64,8835
20916,1.03,Ideal,F,VVS2,61.9,53.0,6.52,6.54,4.04,9131
14517,1.01,Premium,G,VS2,61.2,58.0,6.49,6.46,3.96,5864
10147,1.25,Good,I,SI2,63.9,56.0,6.81,6.77,4.34,4725
28596,0.3,Very Good,G,VS2,63.1,57.0,4.28,4.24,2.69,675
22689,0.3,Very Good,G,VS1,62.5,59.0,4.32,4.25,2.68,629
3938,0.83,Ideal,F,SI1,61.7,57.0,6.04,6.08,3.74,3500
35389,0.41,Ideal,G,VS1,60.8,56.0,4.79,4.82,2.92,899
34413,0.3,Ideal,G,IF,60.7,57.0,4.34,4.39,2.65,863
8163,1.03,Premium,I,SI1,61.6,59.0,6.46,6.49,3.99,4362
23439,1.7,Very Good,D,SI2,60.8,59.0,7.76,7.83,4.75,11431
14987,1.0,Premium,F,VS2,58.7,62.0,6.6,6.51,3.85,6037
21191,1.5,Very Good,I,VS2,59.4,61.0,7.41,7.45,4.41,9342
34437,0.46,Premium,I,SI2,61.0,58.0,5.03,4.97,3.05,863
11651,1.01,Very Good,H,VS1,59.6,58.0,6.46,6.5,3.86,5055
15764,0.9,Ideal,G,VVS2,61.6,56.0,6.2,6.23,3.83,6302
23139,1.64,Premium,H,SI1,59.3,61.0,7.68,7.64,4.54,11159
1535,0.93,Good,J,VS2,63.6,61.0,6.16,6.08,3.89,3000
3278,0.82,Ideal,F,SI1,62.1,56.0,6.04,6.0,3.74,3361
53599,0.91,Good,I,SI1,64.2,59.0,6.05,5.98,3.86,2700
53835,0.7,Premium,G,VVS2,59.6,61.0,5.86,5.78,3.47,2737
11848,0.91,Premium,E,VS1,60.6,58.0,6.32,6.25,3.81,5101
4181,0.73,Premium,D,VS1,60.0,58.0,5.9,5.86,3.53,3557
44113,0.46,Ideal,G,IF,61.6,54.0,4.97,5.0,3.07,1558
3288,0.91,Premium,H,SI2,62.9,59.0,6.15,6.12,3.86,3363
33645,0.38,Ideal,G,VS1,60.8,56.0,4.66,4.71,2.85,833
15855,1.51,Premium,J,VS2,62.3,59.0,7.36,7.3,4.57,6342
19477,1.05,Premium,F,VS1,62.3,55.0,6.57,6.49,4.07,8114
14485,1.25,Very Good,F,SI2,58.0,63.0,7.16,7.06,4.13,5851
10293,1.02,Fair,H,SI1,65.5,60.0,6.29,6.22,4.1,4758
8466,1.03,Good,F,SI2,59.0,59.0,6.55,6.6,3.88,4414
4429,0.91,Very Good,G,SI2,62.9,54.0,6.14,6.22,3.89,3615
12826,1.05,Ideal,I,VS2,60.2,57.0,6.6,6.65,3.99,5347
31367,0.33,Ideal,F,VVS2,60.7,56.0,4.46,4.5,2.72,761
31648,0.28,Very Good,E,VS1,59.0,60.0,4.26,4.32,2.53,452
16722,0.33,Ideal,H,VS1,61.6,55.0,4.46,4.48,2.75,610
47133,0.7,Very Good,H,SI1,62.6,57.0,5.64,5.7,3.55,1830
34969,0.23,Very Good,E,VVS1,61.4,60.0,3.95,3.97,2.43,472
46024,0.57,Ideal,E,VS2,60.4,57.0,5.36,5.4,3.25,1728
39859,0.41,Ideal,H,IF,61.8,55.0,4.79,4.82,2.97,1100
27605,2.09,Good,F,SI2,63.4,55.0,8.11,8.18,5.16,18472
50312,0.7,Premium,F,SI1,61.2,59.0,5.7,5.64,3.47,2239
23031,0.33,Premium,D,SI2,62.7,58.0,4.41,4.39,2.76,631
27198,1.91,Very Good,F,SI1,62.2,54.0,7.91,7.97,4.94,17509
48889,0.71,Premium,G,SI2,60.8,60.0,5.74,5.78,3.5,2039
13837,0.87,Ideal,F,VS1,62.0,55.0,6.1,6.13,3.79,5640
50231,0.7,Ideal,I,VS2,62.5,56.0,5.66,5.7,3.55,2232
45636,0.25,Very Good,G,VVS1,60.6,55.0,4.12,4.14,2.5,525
50157,0.52,Ideal,F,VVS2,61.8,56.0,5.2,5.17,3.2,2216
15038,0.3,Ideal,H,VVS2,61.1,55.0,4.32,4.36,2.65,605
4685,1.01,Premium,E,SI2,62.3,55.0,6.35,6.29,3.94,3674
41991,0.43,Premium,G,VVS1,62.2,58.0,4.83,4.78,2.99,1264
8768,1.04,Premium,G,SI1,62.3,57.0,6.5,6.46,4.04,4467
52863,0.76,Very Good,G,SI1,63.7,58.0,5.75,5.8,3.68,2579
4740,0.92,Premium,E,SI2,61.8,59.0,6.19,6.11,3.8,3679
23723,0.25,Very Good,F,VVS1,61.1,57.0,4.05,4.08,2.48,633
11466,1.03,Premium,I,VS1,60.4,59.0,6.51,6.57,3.95,5012
30806,0.3,Very Good,G,IF,60.5,58.0,4.35,4.38,2.64,743
38417,0.4,Ideal,E,VS2,62.3,56.0,4.78,4.72,2.96,1025
24309,2.04,Ideal,J,SI1,59.1,59.0,8.29,8.24,4.88,12554
52999,0.71,Fair,D,VS2,64.4,56.0,5.63,5.58,3.61,2596
7528,1.01,Ideal,D,SI2,62.0,57.0,6.42,6.38,3.97,4242
39431,0.41,Premium,F,VS1,62.4,60.0,4.77,4.71,2.96,1076
19522,1.13,Ideal,F,VS2,60.1,56.0,6.76,6.84,4.09,8157
38498,0.42,Ideal,G,VVS2,62.2,56.0,4.77,4.81,2.98,1031
39606,0.26,Premium,H,VS1,62.3,59.0,4.1,4.06,2.54,491
15850,1.35,Premium,I,SI1,62.1,58.0,7.07,7.0,4.37,6340
26418,1.7,Ideal,G,VS2,61.3,57.0,7.67,7.6,4.68,15941
39642,0.4,Ideal,F,VVS2,62.0,56.0,4.76,4.73,2.94,1085
202,0.7,Premium,E,SI1,60.5,58.0,5.77,5.74,3.48,2777
43231,0.4,Premium,E,VVS1,61.4,59.0,4.74,4.68,2.89,1397
30461,0.44,Ideal,I,VS2,61.9,54.0,4.91,4.95,3.05,732
44667,0.32,Ideal,H,VS2,61.5,55.0,4.41,4.44,2.72,523
42324,0.41,Ideal,F,VVS1,61.9,56.0,4.77,4.79,2.96,1295
36656,0.3,Ideal,E,VVS2,60.8,56.0,4.35,4.37,2.65,949
18146,1.02,Premium,F,VS1,61.9,58.0,6.45,6.5,4.01,7351
19106,1.51,Good,F,SI2,62.9,55.0,7.22,7.28,4.56,7875
44493,0.52,Ideal,H,VS1,62.0,56.0,5.14,5.2,3.21,1598
47641,0.23,Very Good,D,VVS1,63.3,58.0,3.9,3.93,2.48,530
37378,0.4,Very Good,F,VS1,61.5,59.0,4.71,4.76,2.91,982
22056,1.72,Good,G,SI2,62.8,59.3,7.55,7.62,4.76,10084
11920,1.22,Ideal,I,SI1,62.5,56.0,6.82,6.79,4.25,5124
41661,0.54,Ideal,J,VVS1,62.2,54.0,5.23,5.25,3.26,1239
26515,2.01,Premium,I,VS2,61.6,61.0,8.08,7.97,4.94,16149
38599,0.53,Ideal,I,SI1,61.5,54.0,5.22,5.26,3.22,1038
20727,0.31,Ideal,F,VS2,61.3,57.0,4.3,4.34,2.65,625
36180,0.41,Ideal,I,IF,61.8,55.0,4.77,4.81,2.96,930
32428,0.4,Ideal,G,VS2,62.4,54.0,4.74,4.75,2.96,792
38223,0.4,Very Good,E,VVS2,60.3,59.0,4.74,4.78,2.87,1017
14783,1.17,Ideal,D,SI2,62.7,57.0,6.72,6.7,4.21,5949
15433,1.03,Ideal,F,SI1,62.4,57.0,6.48,6.44,4.03,6178
30092,0.32,Premium,H,VS1,61.7,58.0,4.41,4.37,2.71,720
26907,2.01,Very Good,I,VS1,62.9,62.0,7.98,8.02,5.03,16914
37884,0.46,Ideal,I,VVS2,61.4,57.0,4.96,5.0,3.06,1006
22597,1.23,Very Good,F,VVS2,58.5,59.0,6.98,7.07,4.11,10650
24593,1.22,Ideal,F,VVS1,61.5,58.0,6.85,6.9,4.23,12906
30270,0.31,Good,H,SI1,63.1,57.0,4.31,4.34,2.73,446
32110,0.47,Ideal,H,SI2,61.8,54.0,5.01,5.05,3.11,782
28598,0.3,Very Good,G,VS2,63.5,54.0,4.28,4.25,2.71,675
26301,1.55,Premium,F,VS1,61.6,56.0,7.45,7.38,4.57,15801
7003,1.06,Premium,D,SI2,60.9,60.0,6.55,6.52,3.98,4155
18435,1.37,Ideal,I,VS2,61.3,56.0,7.15,7.18,4.39,7500
36000,0.42,Ideal,G,VS1,62.0,55.0,4.78,4.83,2.98,921
7793,0.9,Very Good,D,SI1,62.1,60.0,6.11,6.19,3.82,4289
53402,0.71,Ideal,F,SI2,61.8,57.0,5.69,5.72,3.53,2667
10502,1.02,Ideal,H,VVS2,60.9,57.0,6.49,6.44,3.94,4798
35873,0.41,Ideal,E,VVS2,62.0,55.0,4.73,4.79,2.95,918
4475,0.92,Premium,H,SI1,62.4,58.0,6.19,6.22,3.87,3624
49950,0.3,Premium,H,SI1,62.2,60.0,4.28,4.24,2.65,540
26738,1.52,Good,F,VS1,63.4,60.0,7.25,7.3,4.61,16519
40764,0.41,Very Good,H,VVS1,62.0,56.0,4.77,4.81,2.97,1166
27013,2.02,Ideal,H,SI1,62.4,58.0,8.07,8.03,5.02,17141
17906,1.21,Ideal,E,SI1,62.2,54.1,6.82,6.86,4.26,7231
26420,1.72,Premium,G,VS2,61.1,58.0,7.73,7.69,4.71,15946
46425,0.53,Good,G,VVS2,64.3,58.0,5.11,5.15,3.3,1769
29971,0.32,Ideal,D,SI1,62.1,54.0,4.4,4.45,2.75,715
11261,0.91,Premium,D,VS2,62.0,60.0,6.23,6.19,3.85,4969
44854,0.56,Very Good,F,VS2,60.0,57.0,5.34,5.39,3.22,1627
6002,1.01,Premium,H,SI2,62.5,58.0,6.39,6.35,3.98,3959
23569,1.63,Premium,G,SI1,59.9,60.0,7.64,7.61,4.57,11578
7550,1.01,Very Good,G,SI2,61.0,58.0,6.43,6.48,3.94,4249
18994,1.09,Ideal,G,VS1,62.3,55.0,6.59,6.63,4.12,7820
47977,0.38,Ideal,G,SI2,62.0,55.0,4.66,4.69,2.9,532
40282,0.3,Ideal,I,VVS2,62.5,54.0,4.27,4.31,2.68,495
47503,0.58,Ideal,F,VS1,61.9,54.0,5.37,5.33,3.31,1865
25650,1.52,Premium,F,VS2,62.3,56.0,7.34,7.29,4.56,14544
2890,0.9,Fair,H,SI1,61.4,61.0,6.08,6.14,3.75,3282
50713,0.53,Ideal,G,IF,60.6,56.0,5.27,5.33,3.21,2293
31290,0.32,Ideal,D,VS2,61.1,56.0,4.39,4.41,2.69,758
17278,1.29,Ideal,J,VVS1,61.2,56.0,7.01,7.05,4.3,6918
36788,0.34,Ideal,E,VS2,62.2,55.0,4.49,4.48,2.79,956
45895,0.52,Ideal,D,SI1,60.9,57.0,5.21,5.17,3.16,1720
3037,0.3,Good,G,VS1,63.5,58.0,4.21,4.26,2.69,565
27241,1.74,Premium,G,VS2,61.0,58.0,7.77,7.75,4.73,17614
29077,0.38,Ideal,G,SI1,61.2,58.0,4.64,4.67,2.85,688
52178,0.7,Very Good,D,SI1,62.9,63.0,5.64,5.59,3.53,2475
47261,0.71,Premium,J,VVS2,60.3,59.0,5.79,5.82,3.5,1843
50258,0.56,Very Good,F,VVS2,59.5,61.0,5.36,5.33,3.18,2236
18334,1.04,Ideal,F,VS2,62.0,55.0,6.47,6.52,4.03,7459
3318,0.76,Ideal,G,VS1,61.6,56.0,5.82,5.87,3.6,3372
50623,0.3,Ideal,E,SI2,62.1,54.0,4.32,4.35,2.69,401
47745,0.54,Ideal,D,VS2,61.8,56.0,5.21,5.24,3.23,1892
24188,2.18,Very Good,G,SI2,63.3,59.0,8.25,8.2,5.2,12377
21368,0.36,Ideal,D,SI1,62.0,54.0,4.58,4.61,2.85,626
6581,0.9,Ideal,D,SI2,62.4,56.0,6.16,6.24,3.87,4078
13875,1.13,Premium,H,VS2,62.0,57.0,6.68,6.62,4.12,5650
43375,0.5,Ideal,E,SI1,61.9,55.0,5.18,5.12,3.19,1409
30156,0.3,Ideal,E,SI1,61.4,56.0,4.36,4.33,2.67,720
17397,0.34,Premium,E,SI1,59.3,58.0,4.59,4.55,2.71,612
3478,1.05,Very Good,J,SI2,60.9,60.0,6.51,6.59,3.99,3395
25477,1.51,Ideal,F,VS2,62.4,56.0,7.38,7.31,4.58,14247
46279,0.56,Very Good,E,VS2,61.7,56.0,5.25,5.31,3.26,1755
45924,0.53,Ideal,E,VS2,62.4,56.0,5.16,5.2,3.23,1721
36211,0.36,Premium,G,VS1,59.7,56.0,4.67,4.64,2.78,932
48427,0.57,Ideal,G,VS1,61.4,55.0,5.34,5.38,3.29,1972
12163,1.13,Very Good,H,SI2,62.0,58.0,6.67,6.71,4.15,5179
23373,0.33,Premium,D,SI2,62.1,58.0,4.43,4.4,2.74,631
10270,1.01,Fair,D,SI1,66.9,54.0,6.25,6.21,4.17,4751
44247,0.51,Premium,F,VS2,63.0,55.0,5.1,5.06,3.2,1574
19159,1.08,Ideal,F,VS2,62.3,54.0,6.6,6.56,4.1,7917
28642,0.33,Very Good,J,VS1,61.5,61.0,4.39,4.46,2.72,434
5407,1.0,Fair,H,VS2,64.8,55.0,6.35,6.28,4.09,3819
44346,0.56,Ideal,G,VS2,61.0,57.0,5.32,5.34,3.25,1580
37656,0.42,Ideal,F,SI1,60.9,55.0,4.88,4.84,2.96,992
22752,1.12,Ideal,E,VVS2,60.6,57.0,6.77,6.66,4.07,10769
25976,2.09,Ideal,J,VS1,61.2,59.0,8.31,8.22,5.06,15172
